Filename,URL
face-962-1-Go.png,https://drive.google.com/file/d/0B0i5WV2jMQ1vSVlvWjlZUktpMUU/view?usp=drivesdk
face-1685-1-Go.png,https://drive.google.com/file/d/0B0i5WV2jMQ1vQXN1S0hSWkpyN1E/view?usp=drivesdk
face-947-1-Go.png,https://drive.google.com/file/d/0B0i5WV2jMQ1vSG1Va25wRmVkQkE/view?usp=drivesdk
face-1355-1-Go.png,https://drive.google.com/file/d/0B0i5WV2jMQ1vYmc0YktzSU1Nalk/view?usp=drivesdk
face-1353-1-Go.png,https://drive.google.com/file/d/0B0i5WV2jMQ1vbk1jOXl2LURCZ0k/view?usp=drivesdk
face-1684-3-Go.png,https://drive.google.com/file/d/0B0i5WV2jMQ1veEVTc2NmazU2RzA/view?usp=drivesdk
face-1173-1-Go.png,https://drive.google.com/file/d/0B0i5WV2jMQ1vR2g0WFdtN0NFTms/view?usp=drivesdk
face-1128-1-Go.png,https://drive.google.com/file/d/0B0i5WV2jMQ1vUmZpZHZfSDI1c2c/view?usp=drivesdk
face-1118-1-Go.png,https://drive.google.com/file/d/0B0i5WV2jMQ1vVGhlSmhvQ0w2WG8/view?usp=drivesdk
face-1127-1-Go.png,https://drive.google.com/file/d/0B0i5WV2jMQ1vcEt6WlpMYlF5YWs/view?usp=drivesdk
face-1059-3-Go.png,https://drive.google.com/file/d/0B0i5WV2jMQ1vdXhiWUhyTGNETFk/view?usp=drivesdk